{
    "version": "2.0.0",
    "runtimeConfiguration": {
        "environment": "default",
        "laxTestingModeEnabled": false,
        "logLevel": "error",
        "logDestination": "stdout+platform",
        "logMaxFileSize": 2147483648,
        "requestHeaderNameRequestId": "x-scan-request-id",
        "requestHeaderNameScenarioId": "x-scan-scenario-id",
        "requestFlowrate": 100,
        "requestTimeout": 30,
        "requestTlsInsecureSkipVerify": true,
        "responseFollowRedirection": false,
        "responseMaxBodySizeScan": 10485760,
        "happyPathOnly": false,
        "maxScanDuration": 3600,
        "memoryLimit": 2147483648,
        "memoryTimeSpan": 10,
        "reportMaxHttpResponseSizeHappyPath": 8092,
        "reportMaxBodySizeHappyPath": 8092,
        "reportMaxHttpResponseSizeTest": 8092,
        "reportMaxBodySizeTest": 8092,
        "reportIssuesOnly": false,
        "reportMaxIssues": 1000,
        "reportMaxSize": 20971520,
        "reportGenerateCurlCommand": true
    },
    "customizations": {
        "happyPaths": {
            "retry": 1,
            "responsePolicy": {
                "httpStatusExpected": true,
                "mustBeConformant": true
            },
            "httpStatusExpected": [
                "2XX",
                "400",
                "404"
            ]
        },
        "tests": {
            "responsePolicy": {
                "httpStatusExpected": true,
                "mustBeConformant": true
            }
        }
    },
    "authenticationDetails": [
        {
            "UserAuth": {
                "type": "apiKey",
                "in": "header",
                "name": "Authorization",
                "default": "UserAuth",
                "credentials": {
                    "UserAuth": {
                        "description": "UserAuth security",
                        "credential": "{{UserAuth}}"
                    }
                }
            }
        }
    ],
    "operations": {
        "/login:post": {
            "operationId": "/login:post",
            "scenarios": [
                {
                    "key": "happy.path",
                    "fuzzing": true,
                    "requests": [
                        {
                            "$ref": "#/operations/~1login:post/request",
                            "fuzzing": true
                        }
                    ]
                }
            ],
            "request": {
                "operationId": "/login:post",
                "request": {
                    "type": "42c",
                    "details": {
                        "url": "{{host}}/login",
                        "method": "POST",
                        "headers": [
                            {
                                "key": "Content-Type",
                                "value": "application/json"
                            }
                        ],
                        "requestBody": {
                            "mode": "json",
                            "json": {
                                "email": "julyant.anggara@gmail.com",
                                "password": "password123"
                            }
                        }
                    }
                },
                "defaultResponse": "200",
                "responses": {
                    "200": {
                        "expectations": {
                            "httpStatus": 200
                        }
                    },
                    "400": {
                        "expectations": {
                            "httpStatus": 400
                        }
                    },
                    "500": {
                        "expectations": {
                            "httpStatus": 500
                        }
                    }
                }
            }
        },
        "/logout/:post": {
            "operationId": "/logout/:post",
            "scenarios": [
                {
                    "key": "happy.path",
                    "fuzzing": true,
                    "requests": [
                        {
                            "$ref": "#/operations/~1logout~1:post/request",
                            "fuzzing": true
                        }
                    ]
                }
            ],
            "request": {
                "operationId": "/logout/:post",
                "auth": [
                    "UserAuth"
                ],
                "request": {
                    "type": "42c",
                    "details": {
                        "url": "{{host}}/logout/",
                        "method": "POST"
                    }
                },
                "defaultResponse": "200",
                "responses": {
                    "200": {
                        "expectations": {
                            "httpStatus": 200
                        }
                    },
                    "500": {
                        "expectations": {
                            "httpStatus": 500
                        }
                    }
                }
            }
        },
        "/register:post": {
            "operationId": "/register:post",
            "scenarios": [
                {
                    "key": "happy.path",
                    "fuzzing": true,
                    "requests": [
                        {
                            "$ref": "#/operations/~1register:post/request",
                            "fuzzing": true
                        }
                    ]
                }
            ],
            "request": {
                "operationId": "/register:post",
                "request": {
                    "type": "42c",
                    "details": {
                        "url": "{{host}}/register",
                        "method": "POST",
                        "headers": [
                            {
                                "key": "Content-Type",
                                "value": "application/json"
                            }
                        ],
                        "requestBody": {
                            "mode": "json",
                            "json": {
                                "email": "julyant.anggara@gmail.com",
                                "password": "password123",
                                "password_confirmation": "password123",
                                "username": "Julyant Anggara"
                            }
                        }
                    }
                },
                "defaultResponse": "200",
                "responses": {
                    "200": {
                        "expectations": {
                            "httpStatus": 200
                        }
                    },
                    "400": {
                        "expectations": {
                            "httpStatus": 400
                        }
                    },
                    "500": {
                        "expectations": {
                            "httpStatus": 500
                        }
                    }
                }
            }
        },
        "/user/{id}:get": {
            "operationId": "/user/{id}:get",
            "scenarios": [
                {
                    "key": "happy.path",
                    "fuzzing": true,
                    "requests": [
                        {
                            "$ref": "#/operations/~1user~1{id}:get/request",
                            "fuzzing": true
                        }
                    ]
                }
            ],
            "request": {
                "operationId": "/user/{id}:get",
                "auth": [
                    "UserAuth"
                ],
                "request": {
                    "type": "42c",
                    "details": {
                        "url": "{{host}}/user/{id}",
                        "method": "GET",
                        "paths": [
                            {
                                "key": "id",
                                "value": "mlvhssqwbysfjvnhimczlmcbfqtnzceq"
                            }
                        ]
                    }
                },
                "defaultResponse": "200",
                "responses": {
                    "200": {
                        "expectations": {
                            "httpStatus": 200
                        }
                    },
                    "401": {
                        "expectations": {
                            "httpStatus": 401
                        }
                    },
                    "500": {
                        "expectations": {
                            "httpStatus": 500
                        }
                    }
                }
            }
        },
        "/user:delete": {
            "operationId": "/user:delete",
            "scenarios": [
                {
                    "key": "happy.path",
                    "fuzzing": true,
                    "requests": [
                        {
                            "$ref": "#/operations/~1user:delete/request",
                            "fuzzing": true
                        }
                    ]
                }
            ],
            "request": {
                "operationId": "/user:delete",
                "auth": [
                    "UserAuth"
                ],
                "request": {
                    "type": "42c",
                    "details": {
                        "url": "{{host}}/user",
                        "method": "DELETE"
                    }
                },
                "defaultResponse": "200",
                "responses": {
                    "200": {
                        "expectations": {
                            "httpStatus": 200
                        }
                    },
                    "401": {
                        "expectations": {
                            "httpStatus": 401
                        }
                    },
                    "500": {
                        "expectations": {
                            "httpStatus": 500
                        }
                    }
                }
            }
        },
        "/user:get": {
            "operationId": "/user:get",
            "scenarios": [
                {
                    "key": "happy.path",
                    "fuzzing": true,
                    "requests": [
                        {
                            "$ref": "#/operations/~1user:get/request",
                            "fuzzing": true
                        }
                    ]
                }
            ],
            "request": {
                "operationId": "/user:get",
                "auth": [
                    "UserAuth"
                ],
                "request": {
                    "type": "42c",
                    "details": {
                        "url": "{{host}}/user",
                        "method": "GET"
                    }
                },
                "defaultResponse": "200",
                "responses": {
                    "200": {
                        "expectations": {
                            "httpStatus": 200
                        }
                    },
                    "401": {
                        "expectations": {
                            "httpStatus": 401
                        }
                    },
                    "500": {
                        "expectations": {
                            "httpStatus": 500
                        }
                    }
                }
            }
        }
    },
    "environments": {
        "default": {
            "variables": {
                "UserAuth": {
                    "from": "environment",
                    "name": "SCAN42C_SECURITY_USERAUTH",
                    "required": true
                },
                "host": {
                    "from": "environment",
                    "name": "SCAN42C_HOST",
                    "required": false,
                    "default": "http://localhost:8000/api/"
                }
            }
        }
    }
}